RegionID,RegionName,SizeRank,2014-01,2014-02,2014-03,2014-04,2014-05,2014-06,2014-07,2014-08,2014-09,2014-10,2014-11,2014-12,2015-01,2015-02,2015-03,2015-04,2015-05,2015-06,2015-07,2015-08,2015-09,2015-10,2015-11,2015-12,2016-01,2016-02,2016-03,2016-04,2016-05,2016-06,2016-07,2016-08,2016-09,2016-10,2016-11,2016-12,2017-01,2017-02,2017-03,2017-04,2017-05,2017-06,2017-07,2017-08,2017-09,2017-10,2017-11,2017-12,2018-01,2018-02,2018-03,2018-04,2018-05,2018-06,2018-07,2018-08,2018-09,2018-10,2018-11,2018-12,2019-01,2019-02,2019-03,2019-04,2019-05,2019-06,2019-07,2019-08,2019-09,2019-10,2019-11,2019-12,2020-01,2020-02,2020-03,2020-04,2020-05,2020-06,2020-07,2020-08,2020-09,2020-10,2020-11,2020-12,2021-01,2021-02,2021-03,2021-04,2021-05,2021-06,2021-07,2021-08,2021-09,2021-10,2021-11
102001,United States,0,1318,1323,1328,1334,1339,1345,1350,1355,1361,1366,1372,1377,1383,1388,1393,1399,1404,1409,1414,1419,1425,1430,1435,1440,1445,1449,1454,1458,1462,1466,1470,1474,1478,1482,1486,1490,1493,1498,1502,1506,1510,1514,1518,1522,1526,1530,1535,1539,1543,1548,1552,1557,1561,1566,1571,1576,1581,1586,1590,1595,1600,1605,1610,1615,1619,1624,1629,1633,1637,1641,1643,1645,1647,1648,1648,1649,1650,1650,1651,1654,1656,1659,1668,1677,1685,1704,1722,1741,1760,1779,1798,1818,1838,1858,1879
394913,"New York, NY",1,2291,2301,2311,2322,2332,2342,2352,2362,2372,2382,2392,2402,2412,2421,2430,2439,2448,2457,2465,2473,2480,2487,2493,2498,2504,2508,2513,2517,2521,2525,2528,2532,2535,2539,2543,2547,2550,2554,2558,2562,2565,2568,2571,2573,2576,2579,2581,2584,2586,2590,2593,2596,2600,2604,2608,2613,2618,2623,2629,2635,2641,2646,2651,2657,2662,2666,2671,2675,2678,2682,2679,2676,2673,2660,2647,2634,2615,2597,2578,2561,2544,2526,2522,2517,2512,2532,2553,2573,2596,2619,2641,2667,2692,2717,2744
753899,"Los Angeles-Long Beach-Anaheim, CA",2,1795,1806,1816,1827,1838,1849,1860,1870,1881,1892,1903,1914,1925,1935,1945,1956,1966,1977,1988,1999,2010,2021,2032,2043,2054,2065,2075,2085,2095,2105,2114,2124,2133,2143,2152,2161,2171,2180,2189,2199,2207,2216,2225,2233,2241,2249,2256,2264,2272,2279,2287,2295,2303,2311,2320,2328,2336,2344,2351,2359,2367,2374,2381,2388,2395,2402,2408,2414,2419,2424,2426,2427,2429,2427,2426,2425,2422,2420,2418,2418,2418,2418,2427,2435,2444,2465,2487,2509,2531,2554,2576,2600,2624,2648,2673
394463,"Chicago, IL",3,1412,1416,1419,1423,1427,1430,1434,1437,1441,1444,1448,1451,1455,1458,1462,1466,1470,1473,1477,1482,1486,1491,1496,1500,1505,1509,1513,1516,1519,1522,1525,1528,1530,1533,1536,1538,1541,1543,1546,1548,1551,1554,1556,1559,1562,1564,1567,1569,1572,1574,1577,1579,1582,1584,1587,1590,1593,1596,1599,1603,1606,1610,1613,1617,1621,1625,1628,1631,1635,1638,1639,1640,1641,1639,1637,1635,1632,1629,1625,1622,1620,1617,1619,1621,1623,1633,1643,1653,1663,1674,1684,1696,1707,1718,1730
394514,"Dallas-Fort Worth, TX",4,1136,1140,1143,1147,1151,1154,1158,1162,1165,1169,1173,1177,1181,1186,1191,1195,1200,1204,1209,1214,1218,1223,1228,1233,1238,1243,1248,1253,1259,1264,1269,1274,1279,1284,1289,1293,1298,1302,1306,1311,1315,1319,1323,1328,1332,1336,1339,1343,1347,1350,1354,1357,1361,1365,1368,1373,1377,1381,1385,1390,1394,1398,1403,1407,1411,1415,1419,1422,1425,1428,1430,1432,1434,1435,1437,1438,1440,1442,1444,1449,1454,1458,1469,1480,1490,1510,1530,1549,1570,1590,1610,1631,1652,1674,1696
394974,"Philadelphia, PA",5,1342,1345,1348,1350,1353,1356,1358,1361,1364,1367,1370,1373,1376,1379,1382,1385,1388,1392,1395,1399,1402,1406,1410,1413,1417,1420,1423,1426,1429,1433,1436,1438,1441,1444,1447,1449,1452,1454,1457,1460,1462,1465,1468,1471,1474,1477,1481,1484,1488,1491,1495,1499,1503,1507,1510,1515,1519,1523,1527,1532,1536,1540,1544,1548,1553,1557,1561,1564,1568,1571,1574,1576,1579,1581,1583,1585,1587,1589,1591,1594,1596,1599,1606,1612,1618,1630,1643,1655,1667,1680,1692,1706,1719,1732,1746
394692,"Houston, TX",6,1177,1183,1190,1197,1204,1210,1217,1223,1229,1236,1241,1247,1252,1256,1259,1263,1266,1269,1272,1274,1277,1279,1280,1282,1283,1283,1284,1284,1283,1283,1283,1282,1281,1281,1281,1280,1280,1281,1282,1284,1287,1290,1293,1297,1301,1305,1309,1313,1317,1321,1324,1328,1330,1333,1335,1337,1338,1340,1342,1344,1346,1348,1349,1351,1353,1355,1357,1359,1361,1362,1363,1363,1363,1363,1362,1362,1362,1362,1362,1363,1365,1366,1372,1378,1385,1397,1410,1423,1436,1449,1462,1476,1489,1503,1517
395209,"Washington, DC",7,1796,1799,1802,1805,1807,1810,1813,1816,1818,1821,1823,1826,1828,1830,1832,1834,1836,1839,1841,1844,1848,1851,1854,1857,1859,1862,1864,1867,1869,1871,1873,1876,1878,1881,1883,1886,1889,1892,1895,1898,1901,1903,1905,1907,1909,1912,1914,1917,1919,1922,1926,1929,1933,1938,1942,1947,1952,1957,1962,1967,1972,1976,1981,1986,1990,1994,1999,2002,2005,2008,2009,2009,2009,2006,2003,2000,1994,1989,1983,1978,1973,1968,1970,1972,1973,1987,2001,2015,2030,2045,2060,2077,2093,2109,2126
394856,"Miami-Fort Lauderdale, FL",8,1594,1602,1610,1618,1625,1633,1641,1649,1657,1665,1673,1681,1689,1697,1705,1713,1721,1729,1737,1745,1753,1761,1767,1774,1781,1785,1790,1795,1799,1802,1805,1808,1811,1814,1817,1819,1822,1826,1829,1833,1836,1840,1844,1848,1852,1856,1860,1864,1869,1873,1877,1882,1886,1891,1895,1900,1904,1909,1913,1918,1922,1926,1930,1934,1938,1942,1947,1951,1956,1960,1963,1967,1970,1972,1975,1978,1981,1985,1989,1998,2006,2015,2036,2056,2077,2116,2155,2195,2235,2276,2317,2360,2402,2445,2489
394347,"Atlanta, GA",9,1081,1084,1088,1092,1096,1100,1104,1108,1112,1116,1120,1125,1130,1134,1139,1144,1149,1154,1159,1164,1170,1175,1181,1186,1192,1198,1204,1210,1216,1222,1228,1234,1239,1245,1251,1256,1262,1268,1274,1279,1285,1291,1297,1303,1309,1315,1321,1327,1333,1340,1346,1352,1359,1366,1372,1379,1387,1394,1401,1408,1415,1421,1428,1434,1440,1445,1451,1456,1461,1465,1469,1473,1476,1481,1485,1489,1495,1502,1508,1518,1528,1539,1556,1574,1591,1619,1647,1674,1702,1730,1758,1787,1816,1845,1875
394404,"Boston, MA",10,2079,2085,2090,2096,2101,2107,2112,2118,2123,2129,2135,2142,2148,2154,2160,2166,2172,2179,2186,2193,2201,2209,2217,2224,2232,2239,2247,2254,2261,2268,2275,2282,2289,2295,2301,2308,2314,2320,2326,2332,2337,2343,2348,2354,2359,2364,2370,2375,2381,2386,2392,2397,2403,2409,2416,2422,2428,2435,2441,2448,2455,2461,2468,2475,2481,2487,2494,2499,2504,2509,2510,2510,2510,2503,2496,2489,2478,2466,2455,2445,2436,2427,2427,2427,2427,2445,2464,2483,2503,2524,2545,2567,2589,2612,2635
395057,"San Francisco, CA",11,2122,2155,2187,2220,2252,2284,2316,2348,2380,2412,2443,2473,2504,2529,2555,2580,2603,2625,2647,2666,2685,2704,2719,2733,2748,2758,2767,2777,2782,2788,2793,2797,2801,2805,2809,2814,2819,2825,2832,2838,2846,2854,2862,2870,2878,2886,2893,2900,2908,2915,2923,2931,2939,2948,2956,2965,2974,2983,2991,3000,3008,3016,3023,3030,3037,3044,3050,3055,3061,3066,3064,3062,3060,3047,3034,3021,3000,2979,2958,2938,2918,2897,2890,2883,2876,2891,2907,2922,2939,2956,2973,2992,3011,3031,3051
394532,"Detroit, MI",12,972,975,977,980,982,985,987,990,992,995,998,1000,1003,1005,1008,1010,1013,1015,1018,1020,1023,1026,1029,1032,1034,1037,1040,1044,1046,1049,1052,1055,1058,1061,1064,1067,1070,1073,1077,1080,1084,1087,1091,1094,1098,1102,1105,1109,1112,1116,1119,1122,1126,1129,1132,1136,1139,1142,1146,1149,1152,1155,1159,1162,1165,1168,1171,1173,1176,1179,1181,1183,1186,1189,1193,1196,1202,1207,1213,1220,1228,1235,1245,1255,1265,1276,1288,1299,1311,1322,1334,1346,1357,1369,1381
395025,"Riverside, CA",13,1429,1434,1439,1444,1449,1454,1459,1464,1470,1475,1481,1486,1492,1498,1504,1510,1517,1523,1529,1535,1541,1547,1553,1559,1565,1572,1578,1584,1591,1597,1603,1610,1617,1624,1632,1640,1648,1656,1664,1672,1680,1688,1697,1704,1712,1720,1728,1736,1744,1752,1760,1768,1777,1785,1794,1802,1810,1817,1825,1832,1839,1846,1853,1860,1866,1873,1880,1886,1893,1899,1905,1911,1917,1926,1935,1944,1958,1973,1987,2007,2027,2047,2074,2102,2130,2163,2196,2228,2261,2294,2326,2359,2392,2426,2459
394976,"Phoenix, AZ",14,962,965,969,973,977,980,984,988,992,996,1001,1006,1011,1016,1021,1026,1031,1037,1042,1047,1052,1057,1062,1067,1072,1076,1081,1086,1091,1096,1100,1105,1110,1114,1119,1124,1129,1134,1139,1144,1149,1154,1159,1165,1170,1176,1182,1188,1195,1201,1208,1215,1222,1230,1238,1246,1254,1262,1270,1278,1286,1294,1303,1311,1319,1328,1336,1345,1353,1361,1368,1374,1381,1388,1395,1402,1411,1420,1429,1442,1455,1468,1489,1510,1532,1563,1595,1627,1659,1691,1723,1756,1789,1822,1856
395078,"Seattle, WA",15,1397,1407,1417,1427,1438,1448,1458,1468,1478,1488,1498,1508,1517,1527,1536,1545,1554,1563,1572,1582,1591,1601,1611,1621,1631,1641,1652,1662,1672,1682,1692,1702,1712,1722,1732,1742,1752,1762,1771,1780,1788,1795,1803,1809,1815,1821,1826,1831,1836,1840,1845,1850,1855,1860,1866,1872,1878,1884,1890,1897,1903,1910,1917,1924,1931,1939,1947,1954,1962,1969,1973,1977,1981,1980,1979,1977,1972,1966,1961,1956,1950,1945,1949,1953,1957,1977,1998,2018,2040,2062,2084,2107,2131,2155,2180
394865,"Minneapolis-St Paul, MN",16,1203,1206,1209,1213,1216,1219,1222,1225,1228,1231,1235,1238,1242,1245,1249,1252,1256,1260,1264,1269,1273,1278,1282,1287,1291,1296,1300,1305,1309,1314,1319,1324,1328,1333,1338,1343,1348,1353,1358,1362,1367,1372,1377,1382,1386,1391,1396,1401,1405,1410,1415,1420,1425,1430,1434,1439,1445,1450,1455,1460,1465,1470,1475,1479,1484,1489,1494,1498,1503,1507,1510,1513,1516,1518,1520,1523,1524,1526,1527,1528,1530,1531,1535,1538,1542,1549,1556,1563,1570,1577,1584,1591,1598,1606,1614
395056,"San Diego, CA",17,1702,1711,1721,1730,1739,1748,1757,1767,1776,1785,1795,1805,1815,1824,1834,1843,1852,1861,1870,1878,1887,1895,1905,1914,1923,1932,1941,1950,1959,1968,1976,1985,1993,2002,2010,2019,2027,2036,2044,2053,2061,2070,2078,2086,2095,2103,2111,2120,2128,2136,2145,2153,2161,2170,2178,2185,2193,2200,2207,2213,2220,2226,2233,2239,2245,2252,2258,2264,2269,2275,2278,2282,2285,2289,2292,2295,2300,2305,2310,2319,2329,2338,2355,2373,2390,2420,2449,2479,2509,2540,2570,2602,2633,2665,2697
395121,"St. Louis, MO",18,921,924,927,930,932,935,938,941,944,947,949,952,954,956,958,960,962,964,966,968,970,972,974,976,978,980,982,984,986,988,989,991,993,994,996,998,999,1001,1003,1004,1006,1008,1010,1012,1013,1015,1017,1019,1021,1023,1025,1027,1029,1031,1033,1036,1038,1041,1044,1047,1050,1053,1056,1059,1062,1065,1068,1071,1074,1077,1079,1082,1084,1087,1090,1093,1096,1099,1103,1107,1111,1115,1121,1127,1133,1141,1150,1159,1167,1176,1185,1194,1203,1212,1221
395148,"Tampa, FL",19,1122,1126,1130,1134,1138,1142,1146,1150,1154,1158,1162,1167,1171,1176,1181,1186,1191,1196,1201,1207,1212,1218,1223,1229,1234,1239,1244,1249,1254,1259,1264,1269,1273,1278,1283,1288,1293,1298,1302,1307,1312,1317,1322,1328,1333,1339,1344,1350,1356,1362,1368,1374,1379,1385,1391,1396,1402,1407,1413,1418,1423,1428,1433,1438,1444,1449,1455,1460,1465,1470,1475,1479,1484,1489,1494,1499,1506,1513,1520,1531,1542,1553,1573,1593,1614,1648,1682,1717,1752,1787,1822,1859,1896,1932,1970
394358,"Baltimore, MD",20,1445,1448,1452,1455,1458,1461,1464,1467,1470,1473,1475,1478,1480,1482,1483,1485,1487,1488,1490,1492,1494,1496,1498,1500,1502,1503,1503,1504,1504,1504,1504,1504,1503,1503,1504,1504,1505,1506,1507,1508,1509,1511,1512,1513,1514,1516,1517,1518,1519,1520,1521,1523,1525,1527,1529,1532,1535,1537,1540,1543,1546,1549,1552,1555,1558,1561,1563,1565,1566,1568,1568,1568,1568,1568,1568,1568,1569,1571,1572,1577,1582,1586,1596,1606,1617,1632,1647,1663,1678,1694,1710,1726,1742,1758,1774
394530,"Denver, CO",21,1198,1213,1228,1242,1257,1272,1286,1301,1315,1330,1344,1357,1371,1381,1392,1403,1412,1421,1429,1437,1445,1453,1459,1466,1472,1478,1483,1488,1492,1496,1500,1503,1507,1510,1515,1519,1523,1527,1532,1536,1541,1546,1550,1555,1560,1564,1569,1573,1578,1583,1588,1592,1598,1603,1608,1614,1619,1625,1630,1636,1641,1646,1650,1655,1660,1664,1668,1671,1675,1678,1679,1679,1680,1679,1679,1678,1678,1677,1677,1679,1681,1684,1693,1703,1712,1731,1750,1769,1788,1807,1826,1847,1867,1887,1908
394982,"Pittsburgh, PA",22,1007,1012,1018,1023,1028,1033,1039,1043,1048,1053,1056,1059,1062,1063,1064,1065,1066,1067,1068,1070,1072,1074,1076,1077,1079,1080,1081,1082,1082,1083,1084,1084,1085,1086,1087,1088,1089,1091,1093,1094,1096,1099,1101,1103,1105,1107,1109,1112,1114,1117,1120,1124,1127,1130,1133,1137,1140,1143,1146,1149,1151,1155,1158,1161,1165,1169,1173,1176,1180,1183,1186,1188,1191,1193,1195,1197,1198,1200,1201,1204,1206,1208,1213,1217,1221,1229,1237,1245,1253,1261,1269,1277,1285,1293,1302
394998,"Portland, OR",23,1163,1172,1182,1191,1201,1210,1220,1229,1239,1249,1259,1269,1279,1290,1301,1312,1323,1334,1344,1355,1365,1376,1386,1395,1405,1412,1420,1428,1434,1440,1446,1451,1457,1462,1467,1472,1477,1481,1485,1489,1493,1496,1500,1503,1506,1509,1512,1515,1519,1522,1526,1530,1534,1538,1543,1547,1552,1557,1562,1566,1571,1575,1580,1585,1589,1594,1599,1603,1607,1611,1613,1616,1618,1619,1621,1622,1623,1624,1626,1629,1632,1636,1645,1654,1663,1678,1694,1710,1727,1743,1759,1776,1793,1810,1828
394458,"Charlotte, NC",24,1067,1071,1075,1079,1082,1086,1090,1094,1098,1102,1106,1111,1115,1120,1125,1129,1135,1140,1145,1150,1155,1161,1166,1171,1176,1181,1186,1190,1195,1200,1205,1210,1214,1219,1224,1229,1234,1238,1243,1248,1252,1257,1261,1266,1270,1274,1279,1283,1287,1292,1296,1301,1306,1311,1316,1322,1328,1334,1339,1345,1351,1357,1363,1368,1374,1379,1384,1389,1393,1397,1400,1402,1405,1407,1409,1411,1414,1417,1420,1427,1433,1439,1452,1465,1477,1498,1519,1540,1561,1583,1604,1626,1648,1671,1693
395045,"Sacramento, CA",25,1251,1256,1261,1266,1271,1277,1282,1287,1293,1298,1304,1311,1317,1325,1332,1340,1348,1356,1364,1372,1381,1390,1399,1408,1417,1427,1436,1445,1455,1464,1474,1484,1494,1504,1515,1525,1535,1545,1556,1566,1576,1586,1596,1605,1614,1623,1631,1639,1648,1656,1663,1671,1678,1686,1693,1701,1709,1717,1724,1732,1739,1746,1753,1760,1767,1773,1780,1785,1791,1797,1802,1807,1812,1819,1825,1832,1842,1852,1862,1874,1887,1900,1918,1935,1953,1976,1998,2020,2043,2065,2088,2111,2133,2156,2180
395055,"San Antonio, TX",26,966,968,971,974,976,979,982,985,988,991,994,997,1000,1004,1007,1011,1015,1018,1022,1026,1029,1033,1036,1039,1042,1045,1048,1050,1053,1056,1059,1062,1065,1068,1071,1074,1077,1080,1082,1085,1087,1089,1091,1093,1096,1098,1100,1102,1104,1107,1110,1113,1116,1119,1122,1126,1129,1132,1136,1139,1142,1146,1149,1153,1156,1160,1163,1166,1169,1171,1173,1175,1177,1178,1179,1181,1182,1184,1186,1190,1194,1197,1205,1213,1221,1235,1250,1264,1278,1293,1308,1323,1338,1353,1369
394943,"Orlando, FL",27,1138,1142,1146,1151,1155,1159,1163,1167,1172,1176,1180,1185,1189,1194,1199,1203,1209,1214,1219,1225,1230,1236,1241,1247,1252,1258,1263,1268,1273,1278,1283,1288,1293,1297,1303,1308,1313,1318,1323,1329,1335,1341,1347,1354,1361,1368,1375,1382,1390,1397,1404,1412,1418,1425,1432,1438,1443,1449,1455,1460,1465,1470,1475,1480,1485,1489,1494,1498,1502,1506,1508,1510,1512,1514,1515,1516,1518,1520,1521,1526,1531,1536,1549,1562,1575,1601,1627,1653,1681,1708,1735,1764,1792,1821,1850
394466,"Cincinnati, OH",28,928,932,935,938,942,945,948,952,955,958,961,964,967,970,973,976,980,984,987,991,995,998,1001,1004,1007,1010,1013,1015,1018,1021,1024,1027,1030,1034,1037,1041,1044,1048,1051,1054,1058,1061,1064,1067,1070,1073,1076,1080,1083,1087,1091,1095,1099,1104,1108,1113,1118,1123,1128,1133,1138,1143,1148,1154,1158,1163,1168,1173,1177,1182,1186,1190,1194,1198,1202,1206,1211,1215,1220,1226,1232,1238,1245,1253,1261,1271,1281,1291,1301,1311,1321,1331,1342,1352,1362
394475,"Cleveland, OH",29,962,965,968,971,975,978,981,984,987,991,994,998,1002,1006,1010,1013,1017,1020,1023,1026,1028,1031,1035,1038,1042,1046,1049,1053,1055,1056,1058,1058,1059,1059,1058,1057,1056,1055,1054,1053,1054,1055,1056,1058,1060,1062,1064,1066,1068,1071,1073,1076,1079,1082,1085,1088,1091,1095,1098,1101,1104,1107,1109,1112,1114,1116,1118,1120,1122,1125,1127,1129,1131,1134,1137,1140,1144,1148,1151,1156,1161,1165,1172,1179,1185,1194,1204,1213,1222,1231,1240,1250,1259,1269,1278
394735,"Kansas City, MO",30,886,890,893,897,900,904,907,910,914,917,920,923,926,929,931,934,937,940,943,946,949,952,955,958,961,964,967,969,973,976,979,982,985,988,991,994,997,1000,1003,1006,1009,1012,1015,1017,1020,1023,1026,1029,1032,1035,1038,1041,1044,1047,1050,1053,1056,1059,1062,1066,1069,1072,1076,1079,1083,1086,1090,1093,1097,1101,1104,1108,1111,1116,1120,1124,1129,1133,1138,1143,1148,1153,1159,1166,1173,1181,1190,1198,1206,1215,1224,1232,1241,1250,1259
394775,"Las Vegas, NV",31,1002,1004,1007,1009,1011,1014,1016,1018,1021,1023,1026,1029,1032,1036,1039,1042,1046,1050,1053,1057,1061,1065,1070,1074,1078,1082,1086,1090,1094,1098,1102,1107,1111,1115,1120,1124,1129,1134,1139,1144,1150,1155,1161,1167,1173,1179,1186,1192,1199,1205,1212,1219,1226,1233,1240,1247,1254,1261,1268,1275,1282,1288,1295,1301,1307,1313,1318,1323,1327,1332,1335,1338,1341,1345,1349,1353,1360,1367,1374,1385,1396,1408,1428,1447,1467,1497,1527,1557,1587,1617,1648,1679,1710,1741,1773
394492,"Columbus, OH",32,942,944,946,948,951,953,955,957,960,962,965,969,972,976,980,984,987,991,995,999,1003,1007,1011,1014,1018,1020,1023,1026,1028,1031,1033,1036,1039,1042,1045,1049,1052,1056,1060,1064,1068,1072,1076,1081,1085,1089,1094,1098,1102,1107,1111,1115,1120,1124,1128,1132,1137,1141,1144,1148,1152,1155,1159,1163,1167,1170,1174,1178,1181,1185,1188,1192,1196,1200,1204,1209,1214,1219,1224,1229,1235,1241,1248,1256,1263,1273,1283,1293,1303,1313,1323,1333,1344,1354,1365
394705,"Indianapolis, IN",33,967,969,971,973,975,977,979,981,983,985,987,989,991,993,995,997,1000,1002,1005,1008,1011,1014,1017,1020,1023,1026,1028,1031,1033,1035,1037,1039,1041,1043,1045,1047,1049,1052,1055,1057,1060,1064,1067,1071,1074,1078,1082,1085,1089,1092,1095,1099,1102,1105,1109,1112,1116,1120,1124,1129,1133,1137,1142,1146,1150,1155,1159,1163,1167,1171,1175,1179,1183,1189,1194,1199,1206,1213,1220,1228,1236,1245,1255,1266,1276,1290,1303,1317,1330,1344,1357,1371,1385,1399,1413
395059,"San Jose, CA",34,2229,2265,2302,2338,2374,2410,2445,2480,2516,2551,2583,2614,2646,2672,2697,2722,2745,2767,2789,2807,2826,2844,2857,2869,2881,2887,2892,2897,2898,2899,2900,2901,2902,2902,2905,2908,2912,2917,2923,2929,2937,2945,2953,2962,2971,2980,2989,2999,3008,3018,3028,3039,3049,3059,3069,3078,3087,3096,3104,3112,3120,3126,3133,3140,3147,3154,3161,3166,3172,3178,3177,3175,3173,3162,3150,3138,3120,3101,3082,3063,3044,3025,3018,3010,3002,3016,3030,3044,3059,3075,3090,3108,3125,3143,3162
394355,"Austin, TX",35,1177,1182,1188,1194,1200,1205,1211,1217,1222,1228,1233,1239,1244,1249,1254,1258,1263,1268,1273,1278,1282,1287,1291,1295,1299,1302,1305,1308,1311,1313,1315,1317,1319,1321,1323,1325,1327,1329,1330,1332,1333,1334,1336,1337,1338,1339,1342,1344,1346,1350,1354,1357,1363,1368,1373,1379,1384,1390,1395,1401,1406,1411,1416,1421,1426,1430,1435,1439,1443,1447,1448,1449,1450,1449,1447,1446,1444,1442,1441,1443,1445,1448,1460,1473,1485,1512,1539,1565,1593,1620,1648,1677,1706,1735,1765
395194,"Virginia Beach, VA",36,1150,1152,1153,1155,1157,1159,1161,1163,1164,1166,1168,1169,1171,1172,1173,1174,1176,1177,1178,1179,1181,1182,1183,1185,1186,1187,1188,1188,1189,1190,1191,1192,1193,1195,1196,1198,1199,1201,1203,1205,1206,1208,1210,1212,1213,1215,1217,1218,1220,1222,1224,1226,1228,1230,1233,1235,1238,1241,1244,1247,1250,1253,1256,1259,1262,1265,1268,1271,1273,1276,1278,1280,1282,1285,1288,1292,1297,1302,1308,1316,1323,1331,1343,1355,1367,1384,1402,1419,1436,1453,1470,1488,1506,1524,1542
394902,"Nashville, TN",37,1145,1153,1161,1169,1177,1185,1193,1201,1209,1217,1224,1231,1238,1245,1251,1258,1264,1270,1276,1282,1289,1295,1301,1307,1314,1320,1326,1332,1337,1342,1347,1351,1356,1360,1364,1369,1373,1377,1381,1385,1389,1392,1396,1399,1402,1406,1409,1412,1415,1418,1421,1424,1428,1432,1436,1440,1444,1449,1454,1458,1463,1468,1473,1478,1484,1490,1495,1501,1506,1512,1516,1520,1524,1526,1528,1531,1533,1535,1537,1541,1545,1549,1559,1569,1580,1601,1622,1643,1665,1687,1709,1732,1755,1778,1802
395005,"Providence, RI",38,1150,1153,1156,1158,1161,1164,1167,1170,1173,1177,1180,1183,1187,1191,1196,1200,1206,1211,1217,1222,1227,1232,1236,1240,1245,1249,1254,1258,1263,1267,1272,1277,1282,1286,1291,1296,1301,1304,1307,1311,1315,1318,1322,1327,1331,1336,1341,1347,1352,1358,1365,1371,1377,1383,1389,1394,1400,1405,1411,1417,1422,1428,1433,1438,1444,1449,1454,1458,1462,1466,1471,1475,1480,1486,1493,1500,1509,1519,1528,1540,1551,1563,1578,1593,1609,1626,1644,1661,1678,1696,1713,1731,1748,1766,1784
394862,"Milwaukee, WI",39,925,930,935,940,944,949,954,958,962,967,970,973,976,978,980,982,983,984,986,987,988,990,991,993,994,995,997,998,999,1001,1002,1004,1005,1007,1008,1009,1011,1012,1014,1015,1016,1018,1019,1021,1023,1024,1026,1028,1030,1032,1034,1035,1038,1040,1042,1044,1047,1049,1051,1054,1056,1058,1061,1063,1066,1068,1071,1073,1076,1078,1080,1082,1084,1086,1089,1091,1094,1096,1099,1102,1105,1108,1112,1117,1121,1128,1134,1141,1148,1154,1161,1168,1175,1182,1189
394714,"Jacksonville, FL",40,1082,1084,1085,1087,1089,1091,1093,1095,1096,1098,1100,1103,1105,1108,1111,1114,1117,1120,1123,1127,1131,1134,1138,1142,1145,1149,1152,1155,1158,1161,1164,1167,1170,1174,1177,1181,1184,1188,1192,1195,1199,1204,1208,1212,1217,1222,1227,1232,1237,1243,1248,1254,1259,1265,1270,1275,1280,1284,1289,1293,1298,1302,1306,1310,1314,1317,1321,1325,1329,1332,1335,1338,1341,1345,1349,1352,1358,1363,1369,1378,1387,1396,1412,1428,1444,1469,1495,1521,1547,1573,1599,1627,1654,1681,1709
394849,"Memphis, TN",41,994,996,999,1001,1003,1005,1007,1009,1011,1013,1015,1017,1018,1020,1021,1022,1024,1025,1026,1028,1029,1031,1033,1034,1036,1038,1040,1042,1044,1045,1047,1049,1050,1052,1054,1055,1057,1059,1060,1062,1064,1066,1068,1070,1073,1075,1078,1081,1084,1087,1090,1094,1097,1101,1104,1108,1112,1116,1120,1124,1128,1132,1135,1139,1143,1147,1151,1155,1160,1164,1170,1175,1181,1188,1196,1204,1213,1223,1233,1244,1255,1266,1280,1294,1308,1324,1341,1358,1374,1391,1408,1425,1442,1459,1476
394935,"Oklahoma City, OK",42,973,976,980,983,987,990,994,997,1001,1004,1007,1010,1013,1014,1016,1018,1018,1019,1020,1020,1021,1021,1021,1021,1021,1021,1020,1020,1019,1019,1019,1018,1018,1017,1017,1017,1018,1018,1019,1020,1021,1023,1024,1026,1027,1029,1030,1032,1033,1035,1037,1039,1041,1043,1046,1049,1051,1054,1058,1061,1064,1067,1070,1073,1075,1078,1080,1082,1084,1086,1087,1088,1089,1091,1092,1094,1097,1100,1102,1106,1110,1114,1122,1129,1136,1147,1157,1168,1179,1191,1202,1213,1225,1236,1248
394807,"Louisville-Jefferson County, KY",43,842,845,849,853,856,860,863,867,870,874,877,880,883,885,888,890,892,894,896,898,900,902,905,908,910,913,917,920,923,927,931,934,938,942,946,949,953,956,959,962,964,967,969,972,974,976,978,980,983,985,987,990,992,995,997,1000,1003,1005,1008,1011,1013,1016,1018,1021,1023,1025,1028,1030,1032,1035,1037,1040,1042,1045,1048,1052,1056,1059,1063,1067,1071,1076,1081,1086,1091,1097,1104,1110,1117,1123,1130,1137,1144,1151,1158
394669,"Hartford, CT",44,1249,1252,1254,1257,1260,1262,1265,1268,1270,1273,1276,1279,1282,1285,1287,1289,1291,1294,1296,1298,1299,1301,1303,1305,1307,1309,1311,1312,1314,1316,1317,1319,1321,1323,1325,1327,1329,1331,1333,1335,1337,1339,1341,1343,1345,1347,1349,1351,1353,1355,1357,1359,1362,1365,1368,1371,1373,1376,1379,1381,1384,1386,1388,1391,1393,1395,1397,1399,1401,1403,1406,1408,1410,1414,1418,1422,1427,1432,1438,1444,1451,1458,1467,1477,1487,1499,1511,1523,1536,1548,1560,1573,1586,1598,1611
395022,"Richmond, VA",45,,1071,1075,1079,1083,1087,1091,1095,1098,1102,1106,1108,1111,1114,1116,1118,1120,1123,1125,1127,1130,1133,1136,1139,1142,1145,1147,1150,1152,1154,1157,1159,1161,1163,1165,1168,1171,1173,1176,1179,1182,1186,1190,1193,1197,1201,1205,1209,1213,1217,1221,1225,1228,1232,1236,1240,1243,1247,1251,1255,1258,1262,1266,1270,1274,1278,1281,1285,1288,1291,1294,1296,1299,1301,1304,1307,1310,1314,1318,1322,1328,1334,1341,1352,1362,1373,1387,1401,1415,1429,1443,1458,1472,1487,1502
394910,"New Orleans, LA",46,1088,1089,1091,1092,1094,1095,1097,1098,1100,1102,1104,1106,1109,1111,1113,1115,1118,1121,1123,1126,1128,1130,1131,1133,1134,1135,1136,1138,1139,1140,1141,1143,1144,1146,1147,1149,1151,1153,1155,1157,1158,1158,1159,1160,1160,1161,1162,1163,1164,1164,1165,1166,1167,1168,1169,1170,1171,1173,1174,1175,1177,1178,1180,1182,1185,1187,1190,1192,1195,1197,1198,1200,1201,1202,1204,1205,1207,1209,1211,1215,1219,1223,1230,1237,1243,1255,1266,1277,1289,1301,1313,1325,1337,1349,1362
394425,"Buffalo, NY",47,802,806,811,815,820,824,828,833,837,842,846,850,855,859,863,867,870,874,877,880,883,886,888,890,893,895,897,900,903,905,908,911,915,918,921,924,927,929,932,934,937,939,942,944,946,949,951,954,957,960,962,965,968,971,974,977,980,983,986,988,991,994,996,999,1001,1004,1007,1010,1013,1015,1019,1022,1025,1029,1033,1037,1041,1045,1049,1054,1059,1063,1070,1076,1082,1091,1099,1108,1117,1125,1134,1143,1152,1161,1170
395012,"Raleigh, NC",48,1132,1135,1138,1141,1143,1146,1149,1152,1155,1158,1162,1165,1169,1173,1177,1180,1184,1188,1191,1195,1198,1202,1206,1209,1213,1216,1220,1223,1227,1231,1234,1237,1241,1244,1247,1250,1253,1256,1259,1262,1265,1267,1270,1273,1276,1279,1282,1285,1288,1292,1295,1298,1302,1305,1309,1313,1318,1322,1327,1331,1336,1341,1346,1350,1355,1360,1365,1369,1372,1376,1378,1380,1382,1383,1385,1386,1389,1391,1394,1399,1404,1409,1421,1432,1444,1464,1484,1504,1525,1545,1565,1587,1608,1629,1651
394388,"Birmingham, AL",49,977,979,980,982,984,986,988,990,992,994,996,998,1000,1002,1004,1006,1008,1010,1012,1014,1017,1019,1020,1022,1024,1026,1027,1029,1030,1031,1032,1033,1034,1035,1037,1038,1040,1042,1044,1046,1048,1050,1053,1055,1058,1060,1063,1065,1068,1070,1073,1075,1079,1082,1085,1089,1093,1097,1100,1104,1108,1112,1116,1119,1122,1125,1128,1131,1134,1137,1140,1143,1147,1150,1154,1158,1162,1167,1171,1176,1181,1186,1193,1200,1207,1217,1227,1237,1248,1258,1269,1279,1290,1301,1312
395053,"Salt Lake City, UT",50,1013,1018,1023,1028,1033,1039,1044,1049,1054,1059,1063,1067,1071,1075,1079,1083,1087,1092,1096,1101,1105,1110,1114,1119,1123,1128,1132,1137,1141,1146,1150,1155,1160,1164,1170,1175,1180,1186,1191,1197,1202,1207,1212,1217,1223,1228,1233,1238,1244,1249,1254,1260,1266,1272,1277,1283,1289,1295,1300,1306,1311,1316,1321,1326,1330,1334,1339,1342,1345,1348,1350,1352,1354,1355,1356,1358,1360,1363,1366,1372,1378,1384,1396,1408,1420,1439,1457,1476,1495,1514,1534,1554,1573,1593,1614
395031,"Rochester, NY",51,,908,912,916,920,923,927,931,935,938,942,945,948,951,954,957,959,962,965,967,970,972,975,977,979,981,983,984,986,987,989,991,993,995,997,999,1002,1004,1007,1009,1012,1015,1017,1020,1023,1026,1029,1032,1035,1038,1040,1043,1045,1048,1050,1052,1054,1056,1058,1060,1062,1065,1066,1068,1070,1072,1074,1076,1078,1080,1082,1084,1086,1088,1092,1095,1099,1105,1110,1116,1124,1133,1141,1152,1163,1174,1185,1196,1207,1219,1230,1241,1252,1263,1275
394640,"Grand Rapids, MI",52,864,871,877,884,890,897,903,910,916,923,929,935,941,947,953,958,965,971,978,985,992,999,1007,1014,1021,1029,1036,1043,1049,1056,1063,1068,1074,1080,1086,1091,1097,1102,1107,1113,1117,1122,1127,1132,1137,1141,1146,1151,1155,1160,1164,1169,1173,1178,1183,1188,1193,1198,1202,1207,1212,1216,1221,1225,1230,1234,1239,1243,1247,1252,1256,1260,1264,1268,1272,1276,1281,1286,1291,1298,1304,1311,1321,1331,1341,1354,1367,1380,1392,1405,1418,1431,1444,1458,1471
395167,"Tucson, AZ",53,944,945,946,947,948,949,950,951,952,953,955,956,957,959,960,962,964,965,967,969,971,974,976,978,981,983,985,988,991,994,997,1000,1003,1007,1011,1015,1019,1023,1027,1031,1036,1040,1044,1048,1052,1057,1061,1066,1071,1077,1082,1088,1094,1100,1106,1112,1118,1124,1129,1135,1141,1146,1152,1157,1163,1169,1174,1180,1185,1190,1195,1200,1205,1211,1217,1223,1231,1239,1247,1258,1268,1279,1295,1310,1326,1345,1364,1383,1403,1423,1443,1463,1483,1503,1523
753924,"Urban Honolulu, HI",54,1938,1954,1970,1986,2001,2017,2032,2047,2062,2077,2090,2103,2116,2126,2135,2144,2150,2155,2161,2164,2168,2172,2175,2179,2183,2186,2188,2191,2193,2195,2198,2200,2202,2205,2207,2209,2212,2214,2216,2218,2220,2222,2224,2227,2229,2231,2234,2237,2240,2243,2247,2250,2253,2257,2260,2263,2267,2270,2273,2277,2280,2283,2286,2289,2293,2296,2299,2301,2303,2304,2304,2304,2304,2303,2302,2301,2301,2302,2302,2306,2311,2316,2327,2338,2349,2367,2385,2403,2422,2440,2459,2478,2497,2516,2536
395169,"Tulsa, OK",55,917,918,920,922,924,925,927,929,931,932,934,936,938,939,941,943,944,946,947,948,949,950,951,952,953,953,954,954,955,955,956,957,957,958,959,959,960,960,960,961,961,962,963,964,965,966,967,968,969,970,972,973,974,976,977,979,980,981,983,985,987,989,992,994,997,999,1002,1005,1008,1011,1014,1017,1020,1023,1027,1030,1034,1038,1042,1048,1054,1060,1069,1078,1087,1098,1110,1122,1133,1145,1157,1169,1181,1193,1205
394619,"Fresno, CA",56,1128,1131,1134,1137,1139,1142,1145,1148,1150,1153,1156,1159,1161,1164,1166,1169,1172,1175,1177,1181,1184,1188,1191,1195,1199,1203,1208,1212,1216,1220,1224,1228,1231,1235,1240,1245,1250,1255,1261,1266,1272,1278,1284,1290,1296,1301,1307,1312,1318,1323,1329,1335,1341,1348,1354,1361,1368,1375,1382,1389,1396,1402,1409,1415,1422,1429,1435,1442,1448,1454,1459,1464,1469,1474,1479,1484,1491,1498,1506,1518,1531,1543,1564,1585,1606,1632,1658,1684,1710,1736,1762,1789,1815,1842,1869
395238,"Worcester, MA",57,1080,1084,1089,1093,1097,1101,1105,1109,1113,1117,1121,1125,1130,1133,1137,1141,1145,1149,1153,1157,1161,1166,1171,1175,1180,1185,1191,1196,1201,1206,1212,1217,1223,1228,1234,1239,1245,1250,1254,1259,1264,1269,1273,1278,1283,1288,1293,1298,1304,1310,1317,1324,1330,1336,1343,1349,1355,1361,1367,1373,1379,1384,1389,1395,1401,1406,1412,1418,1424,1430,1435,1440,1445,1449,1454,1459,1465,1470,1476,1482,1489,1495,1506,1516,1526,1540,1555,1569,1583,1598,1613,1628,1643,1658,1673
394415,"Stamford, CT",58,1872,1883,1894,1905,1915,1926,1936,1946,1956,1967,1974,1980,1987,1991,1995,1999,2003,2007,2010,2013,2016,2019,2022,2025,2027,2030,2032,2034,2037,2039,2041,2044,2047,2051,2054,2058,2061,2065,2068,2071,2075,2078,2081,2084,2087,2090,2094,2097,2101,2106,2110,2115,2120,2125,2130,2135,2140,2144,2149,2153,2158,2163,2168,2173,2178,2182,2187,2191,2196,2200,2205,2209,2214,2220,2226,2233,2242,2251,2260,2272,2285,2297,2315,2332,2350,2370,2390,2411,2431,2451,2472,2492,2513,2534,2554
394312,"Albuquerque, NM",59,923,924,925,927,928,929,931,932,933,935,937,939,940,942,944,946,948,950,952,954,956,958,960,962,964,966,968,971,973,975,977,980,982,984,986,988,990,991,993,994,996,998,1000,1002,1004,1007,1009,1012,1014,1017,1020,1023,1026,1029,1032,1035,1038,1041,1045,1048,1052,1056,1060,1064,1068,1073,1077,1081,1085,1089,1093,1097,1100,1105,1110,1115,1122,1129,1135,1144,1153,1163,1176,1189,1203,1221,1239,1257,1275,1293,1311,1329,1348,1366,1385
394308,"Albany, NY",60,1055,1060,1065,1070,1074,1079,1083,1088,1092,1096,1100,1103,1106,1108,1109,1110,1111,1112,1112,1114,1115,1117,1119,1122,1124,1127,1130,1133,1137,1141,1145,1148,1151,1155,1157,1159,1162,1163,1165,1166,1167,1168,1169,1171,1172,1174,1176,1179,1181,1184,1187,1190,1193,1196,1199,1200,1202,1204,1206,1208,1210,1213,1215,1217,1220,1223,1226,1229,1233,1237,1240,1243,1246,1249,1252,1255,1258,1261,1264,1268,1272,1275,1282,1289,1296,1306,1316,1325,1335,1345,1355,1365,1376,1386,1397
394938,"Omaha, NE",61,815,819,823,827,831,835,839,843,847,851,855,859,863,866,869,872,874,876,878,880,882,884,886,888,889,892,895,897,900,903,906,908,911,914,916,919,921,923,926,928,930,932,934,935,937,939,941,943,944,946,948,950,953,955,958,960,963,965,968,971,974,977,980,983,986,989,992,996,1000,1003,1007,1011,1015,1019,1022,1026,1030,1034,1037,1041,1045,1049,1054,1060,1065,1073,1081,1088,1096,1104,1112,1120,1128,1137,1145
394908,"New Haven, CT",62,1260,1265,1270,1275,1280,1285,1290,1295,1300,1305,1309,1313,1316,1319,1322,1325,1327,1329,1331,1333,1335,1337,1340,1343,1346,1349,1352,1354,1357,1359,1362,1364,1366,1368,1370,1372,1374,1376,1379,1382,1385,1388,1391,1394,1397,1400,1403,1406,1409,1412,1415,1418,1421,1424,1428,1431,1435,1438,1442,1445,1448,1451,1454,1457,1460,1463,1467,1470,1474,1477,1481,1485,1489,1493,1498,1503,1508,1514,1519,1526,1532,1538,1549,1560,1570,1587,1603,1620,1636,1653,1669,1687,1704,1721,1739
394357,"Bakersfield, CA",63,1001,1004,1008,1012,1015,1019,1022,1026,1029,1033,1036,1039,1042,1044,1046,1047,1049,1050,1052,1053,1054,1055,1056,1057,1058,1060,1062,1064,1067,1070,1073,1076,1079,1082,1086,1089,1092,1095,1097,1100,1102,1105,1107,1110,1113,1116,1120,1124,1127,1132,1136,1140,1145,1150,1155,1160,1165,1170,1176,1181,1187,1192,1198,1203,1208,1213,1219,1223,1228,1233,1238,1244,1249,1256,1264,1271,1280,1289,1298,1308,1319,1329,1342,1355,1368,1384,1400,1415,1431,1447,1463,1480,1496,1512,1529
394753,"Knoxville, TN",64,943,946,948,951,953,956,959,961,964,967,970,972,975,977,979,981,981,982,983,984,984,985,987,990,992,995,999,1003,1007,1011,1015,1018,1022,1026,1030,1033,1036,1039,1043,1046,1050,1054,1057,1061,1064,1068,1072,1075,1079,1083,1087,1091,1096,1101,1106,1111,1117,1123,1128,1134,1140,1145,1151,1156,1161,1167,1172,1176,1181,1185,1188,1192,1195,1200,1205,1210,1217,1224,1230,1240,1249,1259,1273,1288,1303,1323,1343,1364,1384,1404,1425,1446,1467,1488,1510
394653,"Greenville, SC",65,908,910,913,916,918,921,924,926,929,932,935,938,942,945,949,952,957,961,965,970,976,981,985,990,995,999,1002,1006,1009,1011,1014,1016,1017,1019,1021,1022,1024,1026,1028,1031,1033,1036,1039,1042,1045,1048,1051,1054,1057,1060,1063,1067,1070,1074,1078,1081,1085,1088,1092,1095,1098,1101,1104,1108,1111,1114,1117,1120,1123,1126,1128,1130,1132,1133,1134,1136,1138,1140,1142,1146,1150,1154,1163,1172,1181,1195,1210,1224,1239,1253,1268,1283,1298,1313,1329
394952,"Ventura, CA",66,1882,1890,1898,1906,1915,1923,1931,1940,1948,1957,1967,1976,1986,1995,2004,2013,2020,2028,2036,2043,2050,2057,2064,2071,2078,2086,2094,2102,2111,2120,2129,2139,2149,2158,2167,2175,2184,2191,2198,2206,2213,2220,2227,2235,2242,2249,2257,2265,2273,2283,2292,2301,2310,2319,2329,2336,2344,2352,2359,2366,2373,2378,2384,2389,2395,2400,2405,2410,2414,2419,2422,2425,2428,2432,2436,2440,2448,2455,2463,2476,2489,2503,2525,2548,2570,2600,2631,2661,2692,2722,2753,2784,2815,2847,2878
394318,"Allentown, PA",67,1185,1187,1189,1192,1194,1196,1198,1200,1202,1204,1206,1208,1210,1211,1213,1215,1217,1220,1222,1225,1228,1230,1233,1236,1239,1242,1245,1247,1250,1253,1255,1258,1261,1264,1267,1270,1273,1276,1279,1283,1286,1289,1292,1295,1298,1301,1304,1307,1310,1313,1317,1320,1324,1327,1331,1335,1340,1344,1348,1352,1357,1361,1365,1370,1374,1378,1382,1385,1388,1392,1395,1397,1400,1405,1409,1414,1422,1430,1437,1449,1461,1472,1489,1505,1522,1541,1561,1580,1599,1619,1638,1658,1677,1697,1717
394561,"El Paso, TX",68,972,972,972,973,973,974,974,974,975,975,976,976,976,977,977,977,977,977,978,978,978,978,979,979,979,980,980,980,981,982,983,983,984,985,985,985,986,986,986,987,987,987,987,987,987,987,988,989,990,992,993,994,996,997,999,1000,1002,1003,1005,1007,1008,1011,1013,1015,1018,1021,1024,1027,1031,1034,1038,1042,1046,1050,1055,1060,1065,1071,1076,1083,1089,1096,1103,1110,1117,1127,1136,1146,1156,1165,1175,1185,1195,1205,1215
394367,"Baton Rouge, LA",69,1077,1078,1079,1081,1082,1083,1085,1086,1088,1089,1092,1094,1097,1099,1101,1103,1104,1106,1108,1110,1111,1113,1115,1117,1119,1122,1125,1129,1133,1138,1143,1147,1151,1154,1156,1159,1161,1161,1161,1162,1161,1160,1159,1158,1156,1155,1155,1155,1155,1156,1157,1157,1158,1158,1158,1158,1158,1159,1159,1159,1159,1159,1159,1159,1159,1159,1158,1158,1158,1157,1157,1157,1157,1158,1159,1160,1162,1164,1167,1171,1174,1178,1184,1189,1194,1203,1211,1219,1228,1236,1245,1254,1263,1272,1281
394521,"Dayton, OH",70,805,806,808,810,812,814,815,817,819,821,823,825,827,829,830,832,834,836,838,841,844,847,850,853,856,858,861,863,866,868,870,872,873,875,877,879,881,884,887,890,892,895,898,901,904,907,910,913,916,919,922,925,927,930,932,935,938,940,943,946,949,953,956,960,964,968,973,976,980,984,988,991,995,998,1002,1006,1010,1014,1019,1024,1030,1036,1043,1050,1057,1067,1077,1087,1097,1107,1117,1128,1138,1148,1159
394843,"McAllen, TX",71,779,781,,786,788,790,792,794,796,798,800,802,804,805,806,807,809,810,811,812,814,815,816,817,818,819,820,821,822,823,824,825,826,826,827,828,829,830,831,832,833,834,835,836,837,838,839,840,841,842,843,843,844,844,845,846,846,847,848,850,851,852,854,856,857,859,860,861,863,864,866,867,869,871,873,875,878,880,883,887,891,895,900,906,911,919,927,934,942,950,958,966,974,982,990
394486,"Columbia, SC",72,,958,960,962,964,965,967,969,971,972,974,976,978,980,981,983,985,986,988,990,992,994,996,998,1000,1002,1004,1006,1009,1011,1013,1016,1018,1020,1023,1025,1027,1030,1032,1034,1036,1038,1041,1043,1046,1048,1051,1054,1057,1060,1063,1066,1070,1073,1076,1080,1084,1088,1092,1096,1100,1105,1108,1112,1116,1119,1122,1125,1129,1132,1135,1138,1142,1145,1150,1154,1159,1165,1171,1177,1185,1192,1200,1212,1224,1236,1250,1265,1280,1295,1310,1326,1341,1357,1373
394648,"Greensboro, NC",73,949,950,951,951,952,953,954,955,956,957,959,961,963,965,967,969,971,972,974,975,976,977,978,980,981,982,984,986,989,993,996,1000,1004,1008,1011,1015,1018,1021,1025,1028,1030,1033,1035,1038,1040,1042,1045,1047,1050,1053,1056,1059,1062,1066,1070,1074,1078,1082,1087,1092,1096,1101,1106,1111,1115,1120,1125,1129,1134,1138,1142,1146,1151,1155,1160,1165,1172,1178,1185,1194,1203,1212,1223,1234,1246,1261,1276,1291,1307,1323,1339,1355,1371,1387,1403
394304,"Akron, OH",74,801,805,808,811,815,818,821,825,828,831,835,839,842,845,848,851,853,855,858,859,861,863,864,865,867,868,870,871,873,874,876,877,878,880,881,883,885,886,887,889,890,891,892,893,895,896,898,899,901,902,904,905,907,909,911,914,916,918,920,922,923,926,928,931,934,937,940,943,946,949,952,955,958,961,964,967,970,973,975,980,984,989,996,1004,1011,1020,1030,1039,1049,1059,1068,1078,1088,1098,1108
753906,"North Port-Sarasota-Bradenton, FL",75,1239,1248,1257,1266,1275,1284,1293,1301,1310,1319,1327,1335,1343,1351,1359,1366,1373,1380,1387,1394,1400,1407,1412,1417,1423,1427,1430,1434,1438,1441,1445,1448,1452,1456,1459,1463,1467,1471,1475,1479,1482,1486,1490,1493,1497,1501,1505,1509,1513,1518,1523,1528,1533,1538,1543,1547,1552,1557,1561,1566,1571,1575,1580,1585,1590,1595,1600,1604,1608,1612,1615,1619,1622,1626,1630,1634,1640,1646,1652,1663,1674,1685,1708,1731,1753,1794,1834,1874,1916,1957,1999,2042,2086,2129,2174
394798,"Little Rock, AR",76,780,781,782,782,783,784,785,786,786,787,788,789,790,791,792,793,794,795,796,796,797,798,798,799,799,800,800,801,802,802,803,804,805,806,807,808,809,811,812,813,814,815,816,816,817,818,818,819,819,820,821,822,823,824,825,826,828,829,831,833,835,837,839,840,842,844,845,847,849,851,853,855,857,860,863,866,870,874,877,882,887,892,899,906,912,922,931,940,949,958,968,977,987,996,1006
395134,"Stockton, CA",77,1395,1402,1408,1414,1421,1427,1434,1440,1447,1453,1461,1469,1477,1487,1496,1505,1515,1524,1534,1544,1555,1566,1576,1587,1598,1608,1619,1629,1640,1651,1662,1674,1685,1697,1709,1721,1733,1745,1757,1770,1781,1793,1804,1814,1824,1834,1843,1853,1862,1871,1880,1889,1898,1908,1917,1926,1934,1943,1952,1961,1969,1978,1986,1994,2003,2013,2022,2032,2042,2052,2061,2070,2079,2090,2100,2111,2125,2139,2153,2172,2192,2212,2239,2267,2295,2325,2355,2385,2415,2444,2473,2503,2532,2562,2591
394457,"Charleston, SC",78,1164,1169,1175,1180,1185,1191,1196,1202,1207,1213,1218,1223,1229,1234,1238,1243,1247,1251,1255,1258,1262,1266,1271,1276,1280,1286,1291,1297,1303,1308,1314,1319,1324,1329,1334,1338,1343,1348,1353,1357,1362,1366,1371,1375,1380,1384,1388,1392,1396,1400,1404,1408,1412,1416,1420,1424,1428,1432,1436,1440,1444,1448,1451,1455,1459,1463,1467,1471,1475,1479,1481,1484,1486,1488,1490,1491,1494,1496,1498,1503,1507,1512,1524,1536,1548,1571,1593,1616,1639,1662,1685,1709,1733,1758,1783
395143,"Syracuse, NY",79,917,921,925,929,932,936,939,943,946,950,953,956,959,962,964,966,970,973,976,980,985,989,992,994,997,999,1001,1003,1006,1008,1011,1012,1014,1016,1018,1019,1021,1024,1027,1030,1034,1037,1041,1044,1048,1051,1053,1056,1058,1059,1061,1062,1062,1062,1062,1063,1063,1064,1065,1067,1069,1072,1075,1078,1081,1084,1088,1091,1095,1099,1103,1107,1111,1114,1118,1122,1126,1130,1134,1140,1145,1151,1159,1168,1177,1191,1205,1219,1233,1247,1261,1276,,1306,1321
394484,"Colorado Springs, CO",80,1048,1052,1057,1061,1066,1070,1075,1079,1083,1088,1092,1097,1101,1106,1110,1115,1120,1125,1130,1135,1141,1146,1153,1159,1165,1172,1179,1186,1193,1200,1206,1213,1220,1227,1234,1240,1247,1253,1259,1265,1271,1278,1284,1291,1297,1304,1311,1317,1323,1329,1335,1340,1345,1351,1356,1361,1367,1372,1378,1384,1390,1396,1403,1409,1416,1422,1429,1435,1441,1447,1452,1457,1462,1468,1473,1479,1486,1493,1500,1510,1519,1529,1544,1560,1575,1594,1614,1633,1652,1672,1691,1711,1731,1751,1771
395235,"Winston-Salem, NC",81,1075,1074,1074,1073,1073,1073,1072,1072,1072,1072,1073,1075,1077,1080,1082,1085,1088,1091,1094,1097,1100,1103,1105,1108,1111,1113,1115,1118,1120,1122,1125,1127,1130,1133,1136,1139,1142,1145,1148,1152,1156,1159,1163,1167,1171,1175,1179,1183,1186,1190,1194,1198,1203,1207,1211,1216,1221,1226,1232,1237,1242,1248,1253,1258,1263,1268,1273,1278,1282,1287,1291,1295,1299,1305,1310,1316,1323,1330,1337,1347,1356,1365,1379,1393,1407,1426,1444,1462,1481,1499,1518,1537,1556,1575,1594
395224,"Wichita, KS",82,,764,768,772,776,780,784,787,790,794,797,798,799,800,800,799,799,799,798,798,799,800,801,802,803,804,805,806,806,806,807,807,807,807,807,807,808,808,808,809,810,810,811,812,813,813,814,815,816,817,818,819,820,821,822,823,824,825,826,827,828,830,831,833,834,836,838,839,841,843,845,848,850,852,854,857,859,862,865,867,871,875,878,883,888,893,899,905,911,917,923,929,935,941,947
395115,"Springfield, MA",83,1219,1222,1225,1228,1231,1234,1237,1240,1243,1246,1249,1252,1255,1258,1260,1263,1266,1269,1271,1275,1278,1282,1286,1290,1294,1298,1302,1306,1309,1312,1316,1318,1320,1322,1324,1326,1327,1330,1332,1335,1338,1341,1345,1348,1352,1356,1360,1364,1368,1373,1377,1382,1386,1390,1395,1399,1403,1407,1410,1414,1418,1420,1423,1426,1429,1432,1436,1440,1444,1447,1451,1454,1457,1460,1464,1467,1471,1475,1479,1485,1492,1498,1506,1514,1522,1531,1539,1548,1557,1566,1575,1583,1592,1601,1609
394440,"Fort Myers, FL",84,1000,1009,1018,1026,1035,1044,1053,1062,1071,1080,1090,1101,1111,1122,1134,1145,1156,1167,1178,1188,1198,1208,1216,1225,1233,1239,1246,1252,1258,1263,1268,1273,1278,1283,1287,1291,1295,1299,1302,1306,1310,1314,1318,1322,1326,1330,1334,1338,1343,1347,1352,1357,1361,1365,1369,1374,1378,1382,1386,1390,1395,1399,1403,1406,1410,1414,1418,1422,1426,1430,1433,1437,1441,1446,1450,1455,1461,1467,1473,1481,1489,1497,1514,1530,1547,1580,1613,1646,1680,1714,1748,1784,1820,1856,1893
394399,"Boise City, ID",85,945,949,953,957,960,964,968,972,976,980,984,988,992,997,1001,1005,1010,1015,1020,1026,1031,1037,1042,1048,1054,1060,1066,1072,1078,1084,1089,1095,1101,1107,1113,1120,1126,1132,1139,1145,1152,1159,1166,1173,1180,1187,1194,1201,1208,1216,1223,1231,1239,1248,1256,1265,1273,1282,1291,1299,1308,1316,1323,1331,1338,1345,1352,1358,1364,1370,1376,1381,1386,1393,1399,1406,1417,1428,1440,1457,1474,1491,1516,1541,1566,1595,1623,1651,1678,1706,1734,1761,1789,1817,1845
395160,"Toledo, OH",86,833,834,834,835,836,837,838,840,841,842,844,846,849,850,852,854,855,857,859,859,860,861,862,864,865,867,870,873,875,878,880,882,883,885,886,888,889,890,891,892,894,896,898,901,903,906,908,910,912,914,915,916,917,918,919,920,921,922,923,925,926,928,929,931,932,934,935,936,937,938,940,943,945,947,950,953,956,960,964,970,976,982,991,999,1008,1019,1030,1041,1052,1063,1074,1086,1097,1109,1120
394816,"Madison, WI",87,1029,1031,1032,1034,1036,1038,1039,1041,1043,1045,1048,1051,1054,1058,1061,1064,1068,1072,1076,1079,1083,1087,1090,1093,1096,1099,1102,1104,1106,1109,1111,1113,1115,1117,1119,1120,1122,1124,1126,1128,1130,1132,1133,1135,1137,1139,1141,1143,1145,1147,1149,1152,1154,1157,1160,1163,1166,1169,1172,1175,1178,1180,1183,1185,1188,1191,1193,1196,1199,1202,1204,1207,1209,1212,1215,1217,1220,1223,1226,1229,1233,1236,1240,1245,1249,1255,1260,1266,1271,1277,1283,1289,1294,1300,1306
394766,"Lakeland, FL",88,1039,1042,1045,1047,1050,1053,1056,1059,1062,1065,1069,1072,1076,1079,1083,1087,1091,1095,1099,1103,1107,1111,1115,1120,1124,1129,1134,1140,1145,1150,1155,1160,1165,1171,1175,1180,1185,1189,1194,1198,1203,1207,1212,1217,1223,1228,1235,1241,1248,1255,1263,1270,1277,1285,1292,1299,1307,1314,1320,1326,1332,1338,1343,1349,1354,1359,1364,1369,1374,1379,1384,1388,1393,1399,1404,1409,1416,1423,1429,1438,1448,1457,1471,1486,1501,1524,1547,1570,1594,1617,1641,1665,1690,1715,1740
394931,"Ogden, UT",89,951,954,957,960,963,966,969,972,975,978,981,984,987,991,995,999,1003,1007,1011,1015,1019,1022,1026,1030,1034,1038,1043,1048,1053,1058,1063,1069,1075,1081,1087,1093,1099,1103,1108,1113,1118,1123,1127,1132,1138,1143,1149,1155,1161,1167,1173,1179,1185,1192,1199,1205,1212,1218,1224,1230,1236,1241,1247,1252,1258,1263,1268,1273,1278,1284,1288,1292,1297,1301,1306,1311,1316,1322,1328,1337,1345,1354,1368,1382,1397,1416,1435,1454,1474,1493,1512,1532,1552,1572,1592
394528,"Daytona Beach, FL",90,1001,1006,1011,1016,1021,1026,1031,1036,1042,1047,1053,1059,1064,1071,1077,1084,1090,1096,1102,1107,1113,1118,1124,1131,1137,1143,1150,1156,1162,1169,1175,1181,1187,1192,1197,1202,1207,1212,1217,1222,1227,1233,1238,1244,1251,1257,1264,1271,1278,1285,1291,1298,1304,1311,1318,1324,1330,1337,1342,1348,1354,1359,1364,1369,1374,1380,1385,1390,1394,1399,1403,1408,1412,1417,1422,1427,1434,1440,1447,1456,1466,1475,1489,1504,1518,1538,1559,1579,1600,1620,1641,1663,1684,1705,1727
394531,"Des Moines, IA",91,978,982,986,990,994,999,1003,1007,1011,1015,1018,1020,1023,1024,1024,1025,1024,1022,1021,1020,1018,1017,1017,1017,1017,1018,1019,1021,1023,1025,1028,1030,1033,1035,1038,1040,1042,1043,1045,1046,1047,1047,1048,1048,1049,1049,1050,1051,1052,1053,1055,1056,1058,1059,1061,1062,1064,1065,1066,1068,1069,1070,1072,1073,1076,1078,1080,1082,1084,1086,1088,1089,1090,1092,1093,1095,1096,1098,1100,1103,1105,1108,1112,1115,1119,1124,1129,1133,1138,1143,1148,1153,1158,1163,1168
394711,"Jackson, MS",92,1094,1096,1098,1099,1101,1103,1105,1106,1108,1110,1112,1113,1114,1115,1117,1118,1120,1122,1124,1128,1131,1134,1137,1140,1143,1145,1147,1150,1151,1152,1153,1153,1153,1153,1154,1154,1155,1156,1158,1159,1160,1162,1163,1164,1166,1167,1168,1168,1169,1170,1171,1172,1173,1175,1176,1178,1179,1180,1182,1183,1185,1186,1188,1189,1191,1193,1195,1197,1200,1202,1205,1208,1210,1214,1217,1220,1223,1226,1229,1233,1237,1241,1248,1255,1262,1271,1281,1290,1299,1308,1317,1327,1336,1346,1356
395245,"Youngstown, OH",93,620,621,622,623,624,625,626,627,628,629,630,630,631,631,632,632,633,633,634,634,635,635,637,638,639,640,642,644,645,646,647,649,650,652,654,656,658,659,661,662,663,664,665,666,667,668,669,671,672,674,676,678,681,683,686,688,690,693,694,696,697,698,699,699,700,701,702,704,707,709,712,714,717,721,724,728,732,736,740,744,749,754,760,766,773,781,789,798,806,815,823,832,840,849,858
394352,"Augusta, GA",94,931,930,929,928,928,927,926,926,925,925,926,927,928,930,932,934,935,937,939,941,943,945,946,948,950,952,953,955,957,958,960,962,963,965,966,968,970,972,974,976,978,981,983,986,989,992,994,997,1000,1002,1004,1007,1009,1011,1014,1017,1020,1023,1026,1030,1034,1038,1042,1046,1049,1053,1057,1060,1064,1067,1071,1074,1078,1084,1089,1094,1101,1108,1115,1123,1131,1139,1149,1159,1170,1182,1194,1207,1219,1232,1244,1257,1270,1282,1295
395075,"Scranton, PA",95,824,825,827,828,829,831,832,833,834,836,836,836,837,837,837,837,837,838,838,840,841,843,844,846,848,850,851,853,855,857,859,861,864,866,868,869,871,872,874,875,876,877,878,879,879,880,881,882,883,885,887,889,891,893,895,897,899,902,904,907,910,913,916,920,923,926,930,933,936,939,942,944,947,950,953,956,960,965,969,975,982,988,997,1006,1015,1027,1039,1051,1062,1074,1086,1098,1110,1122,1134
394666,"Harrisburg, PA",96,1003,1000,998,995,993,991,989,988,986,985,985,986,987,989,992,994,996,998,1000,1001,1002,1003,1005,1007,1009,1011,1014,1016,1018,1021,1023,1024,1026,1028,1029,1030,1031,1032,1033,1034,1035,1036,1037,1039,1040,1041,1043,1045,1047,1050,1052,1055,1059,1063,1068,1072,1077,1081,1085,1089,1094,1097,1101,1104,1107,1109,1112,1114,1116,1118,1119,1121,1122,1124,1125,1127,1130,1132,1135,1140,1145,1151,1160,1169,1178,1191,1203,1216,1228,1241,1253,1266,1279,,1305
394957,"Melbourne, FL",97,950,955,960,965,970,975,979,984,990,995,1000,1006,1012,1019,1026,1033,1040,1047,1054,1061,1068,1075,1082,1089,1096,1103,1110,1116,1123,1130,1137,1144,1151,1158,1165,1172,1179,1186,1192,1199,1206,1212,1219,1226,1232,1239,1247,1254,1262,1269,1276,1283,1290,1297,1303,1309,1315,1321,1326,1331,1336,1340,1344,1348,1353,1358,1362,1368,1373,1379,1384,1388,1393,1399,1404,1409,1416,1422,1428,1437,1445,1454,1469,1485,1500,1525,1550,1576,1601,1627,1653,1680,1706,1733,1761
395113,"Spokane, WA",99,928,923,919,915,912,908,905,902,898,895,896,896,897,901,905,909,915,921,926,932,938,943,948,952,956,960,964,968,971,975,978,981,983,986,989,992,996,1000,1004,1009,1013,1018,1022,1028,1033,1038,1044,1049,1055,1060,1065,1070,1075,1080,1086,1091,1096,1102,1107,1113,1118,1124,1129,1135,1140,1145,1150,1155,1160,1165,1170,1175,1179,1185,1191,1196,1205,1214,1222,1235,1247,1259,1279,1298,1317,1340,1362,1385,1408,1430,1452,1475,1498,1521,1544
395006,"Provo, UT",100,996,1000,1004,1009,1013,1017,1021,1026,1030,1034,1038,1042,1046,1050,1054,1058,1062,1066,1071,1075,1080,1084,1090,1095,1100,1105,1111,1117,1121,1126,1131,1135,1140,1144,1149,1154,1158,1162,1166,1170,1174,1179,1183,1188,1193,1198,1203,1208,1213,1218,1223,1228,1233,1239,1244,1248,1253,1258,1262,1266,1271,1275,1279,1283,1287,1290,1294,1297,1300,1303,1305,1308,1311,1314,1317,1320,1327,1333,1339,1350,1360,1370,1384,1398,1412,1431,1450,1470,1489,1509,1529,1549,1569,1589,1609
394746,"Killeen, TX",128,857,859,861,862,864,865,867,868,870,871,873,874,875,875,876,877,877,877,878,878,879,879,880,881,881,882,883,883,884,885,886,887,888,889,890,891,892,893,894,895,897,898,899,900,902,903,905,907,908,910,912,914,916,919,921,924,927,930,934,938,941,945,949,953,957,960,964,967,970,973,976,979,983,988,993,998,1005,1013,1020,1029,1039,1048,1062,1076,1090,1109,1128,1147,1166,1186,1205,1225,1245,1265,1286